{
  "orientation": "Vertical",
  "nodeLayouts": {
    "inputs": {
      "x": 67,
      "y": 62,
      "index": -1
    },
    "outputs": {
      "x": 67,
      "y": 612,
      "index": -1
    },
    "lookup": {
      "x": 12,
      "y": 172,
      "height": 75,
      "index": 0
    },
    "generate_prompt_context": {
      "x": 12,
      "y": 282,
      "height": 75,
      "index": 1
    },
    "Prompt_variants": {
      "x": 67,
      "y": 392,
      "height": 75,
      "index": 2
    },
    "answer_the_question_with_context": {
      "x": 67,
      "y": 502,
      "height": 75,
      "index": 3
    }
  },
  "viewport": {
    "transformMatrix": [
      1,
      0,
      0,
      1,
      136.33334350585938,
      93.33334350585938
    ]
  }
}