{
  "nodes": {
    "lookup": {
      "variant_0": {
        "inputs": {
          "acs_metadata_field": [
            {
              "display_value": "Metadata",
              "value": "Metadata"
            }
          ],
          "embedding_model": [],
          "mlindex_asset_id": [],
          "pinecone_index_connection": [],
          "pinecone_index_name": [],
          "semantic_configuration": [
            {
              "value": "semantic-configuration"
            }
          ],
          "query_type": [
            {
              "display_value": "Semantic",
              "value": "Semantic"
            }
          ]
        },
        "inputsValue": {
          "index_type": "Azure AI Search",
          "acs_index_connection": "cogsearchtestaccount",
          "acs_content_field": "BodyContent",
          "acs_embedding_field": "Vector",
          "acs_index_name": "sop-wikis",
          "acs_metadata_field": "Metadata",
          "embedding_type": "Azure OpenAI",
          "aoai_embedding_connection": "ai-annaquincyaieat2932472281265_aoai",
          "embedding_deployment": "text-embedding-ada-002",
          "semantic_configuration": "semantic-configuration"
        }
      }
    },
    "generate_prompt_context": {
      "variant_0": {
        "inputs": {},
        "inputsValue": {}
      }
    },
    "Prompt_variants": {
      "variant_0": {
        "inputs": {},
        "inputsValue": {}
      }
    },
    "answer_the_question_with_context": {
      "variant_0": {
        "inputs": {},
        "inputsValue": {}
      }
    }
  }
}